{
    "cpi ": 1.2847247113377098,
    "fdi": 0.03762769740984749,
    "unemployment": 0.15607248811454924,
    "inflation": -0.06171501477548973,
    "gdpPerCapita": -0.2583786198341716,
    "gdpGrowth": 0.23308494801899304,
    "goodsAndServices": -0.1715686530689254,
    "imports": -0.001458616818265846,
    "cad": 0.0021155838903453342,
    "yuanExchangeRate": -0.27839430850484165,
    "politicalStabilityIndex": 0.0426464437356018,
    "index": "-0.000000000000003"
}
{
    "cpi ": 1.8144369683456165,
    "fdi": 0.09597644928980902,
    "unemployment": 0.14377844381434962,
    "inflation": -0.08291604597727432,
    "gdpPerCapita": -0.4900970961004649,
    "gdpGrowth": 0.28260318936157347,
    "goodsAndServices": -0.7760714415440271,
    "imports": 0.3466545547099243,
    "cad": -0.04540976595814498,
    "yuanExchangeRate": -0.3494963190651389,
    "politicalStabilityIndex": 0.032342301173190084,
    "index": "-0.000000000000003"
}
{
    "cpi ": 1.6606537851590102,
    "fdi": 0.11728989158653347,
    "unemployment": 0.16445792369165077,
    "inflation": -0.05468381967095089,
    "gdpPerCapita": -0.060044035792274776,
    "gdpGrowth": 0.31159012134149694,
    "goodsAndServices": -0.7329093352799738,
    "imports": 0.12118547656111092,
    "cad": -0.049272896117262696,
    "yuanExchangeRate": -0.2722017982508976,
    "politicalStabilityIndex": 0.0836386314606304,
    "index": "-0.000000000000003"
}
{
    "cpi ": 2.2906662848032306,
    "fdi": -0.057707225279186126,
    "unemployment": 0.4144681324332862,
    "inflation": -0.12399704293041058,
    "gdpPerCapita": -0.9111104576139252,
    "gdpGrowth": 0.9619850326158866,
    "goodsAndServices": 1.3094758359794878,
    "imports": -1.8969941230312004,
    "cad": -0.08302317603564394,
    "yuanExchangeRate": -0.4112070481495484,
    "politicalStabilityIndex": 0.7017471270976738,
    "index": "-0.000000000000003"
}
{
    "cpi ": 2.349403684998324,
    "fdi": -0.011784377327200165,
    "unemployment": 0.09003288356267701,
    "inflation": -0.19122842214235455,
    "gdpPerCapita": -2.1634234575517715,
    "gdpGrowth": 0.2406803040969317,
    "goodsAndServices": -0.6232545667209289,
    "imports": 0.9009016473687325,
    "cad": -0.03251541107875108,
    "yuanExchangeRate": -0.6315332280601971,
    "politicalStabilityIndex": -0.08039229328089673,
    "index": "-0.000000000000003"
}